City_ID,City,Lat,Lng,Max Temp,Humidity,Cloudiness,Wind Speed,Country,Date
0,hamilton,39.1834,-84.5333,33.11,70,0,4.63,US,1690574557
1,tromso,69.6496,18.957,11.88,82,20,4.63,NO,1690575336
2,along,28.1667,94.7667,23.36,99,81,0.37,IN,1690575336
3,letlhakane,-21.4167,25.5833,17.62,34,19,2.03,BW,1690575337
4,san pedro,14.35,121.0167,24.62,97,75,4.63,PH,1690575028
5,hinton,53.4001,-117.5857,13.74,72,98,2.59,CA,1690575337
6,uzgen,40.7699,73.3007,24.16,33,84,2.56,KG,1690575337
7,adamstown,-25.066,-130.1015,20.31,65,44,8.86,PN,1690575337
8,magadi,12.9667,77.2333,21.09,87,79,4.88,IN,1690575338
9,petropavlovsk-kamchatsky,53.0452,158.6483,13.33,100,75,4.0,RU,1690575338
10,buala,-8.145,159.5921,26.11,87,100,3.38,SB,1690575338
11,talnakh,69.4865,88.3972,20.67,66,71,2.03,RU,1690575339
12,kodinsk,58.6881,99.1844,15.51,86,3,0.57,RU,1690575339
13,blackmans bay,-43.0167,147.3167,12.07,76,100,2.67,AU,1690575339
14,edinburgh of the seven seas,-37.0676,-12.3116,13.57,80,100,13.59,SH,1690575339
15,port-aux-francais,-49.35,70.2167,4.22,74,100,10.87,TF,1690575339
16,albany,42.6001,-73.9662,33.15,57,15,0.89,US,1690575171
17,afaahiti,-17.75,-149.2833,21.93,86,88,8.9,PF,1690575340
18,olonkinbyen,70.9221,-8.7187,5.82,85,99,3.04,SJ,1690575340
19,longyearbyen,78.2186,15.6401,8.91,76,75,2.06,SJ,1690575340
20,hermanus,-34.4187,19.2345,10.45,89,100,11.28,ZA,1690575341
21,puerto natales,-51.7236,-72.4875,2.33,97,97,1.27,CL,1690575341
22,avarua,-21.2078,-159.775,25.03,73,40,0.51,CK,1690575341
23,bethel,41.3712,-73.414,33.18,61,20,3.09,US,1690575263
24,kodiak,57.79,-152.4072,14.73,82,20,8.23,US,1690575341
25,kongsberg,59.6652,9.6465,16.22,95,18,1.59,NO,1690575342
26,bikenibeu village,1.3673,173.1241,27.98,83,40,2.06,KI,1690575342
27,georgetown,5.4112,100.3354,28.3,87,20,1.03,MY,1690575342
28,vila velha,-20.3297,-40.2925,23.97,79,0,5.66,BR,1690575340
29,tazovsky,67.4667,78.7,14.85,90,69,2.31,RU,1690575342
30,smithers,54.7804,-127.1743,23.18,43,75,2.06,CA,1690575343
31,cill airne,52.05,-9.5167,13.41,91,100,3.56,IE,1690575343
32,tiksi,71.6872,128.8694,5.86,72,30,1.73,RU,1690575343
33,wailua homesteads,22.0669,-159.378,28.44,74,0,9.77,US,1690575344
34,papatowai,-46.5619,169.4708,6.86,68,100,2.47,NZ,1690575344
35,crane,31.3974,-102.3501,35.92,21,83,6.42,US,1690575344
36,ribeira grande,38.5167,-28.7,25.43,88,75,5.66,PT,1690575344
37,kingston,17.997,-76.7936,34.58,60,20,11.32,JM,1690575228
38,ushuaia,-54.8,-68.3,4.81,70,40,5.14,AR,1690575345
39,rongelap,11.1635,166.8941,28.53,81,87,9.67,MH,1690575345
40,ubari,26.5921,12.7805,35.48,17,8,3.12,LY,1690575345
41,melenki,55.3343,41.6295,20.08,77,43,2.09,RU,1690575345
42,la ronge,55.1001,-105.2842,21.12,49,40,4.12,CA,1690575346
43,west island,-12.1568,96.8225,24.99,78,40,9.26,CC,1690575346
44,waitangi,-43.9535,-176.5597,10.46,95,80,4.47,NZ,1690575346
45,revda,56.801,59.9303,14.86,92,8,1.24,RU,1690575346
46,novyy urgal,51.0736,132.5642,15.0,97,57,0.74,RU,1690575346
47,badger,64.8,-147.5333,25.28,63,75,2.06,US,1690575347
48,glace bay,46.1969,-59.957,28.27,63,40,3.09,CA,1690575347
49,spittal an der drau,46.8,13.5,19.14,95,100,1.03,AT,1690575347
50,grytviken,-54.2811,-36.5092,-1.24,88,63,4.8,GS,1690575347
51,turpan,42.9333,89.1667,36.33,22,95,3.66,CN,1690575348
52,ust-nera,64.5667,143.2,13.13,47,29,1.73,RU,1690575348
53,puerto ayora,-0.7393,-90.3518,27.98,92,94,4.02,EC,1690575348
54,rengasdengklok,-6.1592,107.2981,25.07,72,100,1.97,ID,1690575348
55,bredasdorp,-34.5322,20.0403,10.08,95,21,3.86,ZA,1690575348
56,hobyo,5.3505,48.5268,25.35,80,100,10.93,SO,1690575349
57,port elizabeth,-33.918,25.5701,17.16,94,20,6.69,ZA,1690575061
58,sitka,57.0531,-135.33,20.94,64,0,3.09,US,1690575349
59,qaqortoq,60.7167,-46.0333,8.97,69,100,3.12,GL,1690575349
60,fort bragg,35.139,-79.006,36.22,53,0,4.12,US,1690575349
61,gopamau,27.55,80.2833,29.17,78,97,1.97,IN,1690575350
62,ves'yegonsk,58.664,37.2604,14.39,84,97,3.19,RU,1690575350
63,tura,25.5198,90.2201,23.73,97,97,2.52,IN,1690575350
64,kitwe,-12.7961,28.2477,17.63,39,1,1.3,ZM,1690575350
65,port mathurin,-19.6833,63.4167,23.03,79,7,5.86,MU,1690575351
66,san rafael,-34.6177,-68.3301,18.58,30,100,8.3,AR,1690575351
67,port sudan,19.6175,37.2164,35.42,32,77,2.46,SD,1690575351
68,ancud,-41.8697,-73.8203,12.74,84,100,12.9,CL,1690575351
69,khandyga,62.6667,135.6,11.84,65,93,0.98,RU,1690575352
70,carutapera,-1.195,-46.02,26.43,87,54,3.93,BR,1690575352
71,yellowknife,62.456,-114.3525,22.29,53,75,3.09,CA,1690575352
72,iqaluit,63.7506,-68.5145,11.85,62,75,2.57,CA,1690575353
73,nov,40.1522,69.3708,28.35,33,82,2.12,TJ,1690575353
74,anadyr,64.75,177.4833,12.28,81,40,6.0,RU,1690575354
75,wudil,11.8107,8.8451,25.38,69,87,3.84,NG,1690575354
76,stanley,54.868,-1.6985,17.62,74,20,5.14,GB,1690575354
77,touros,-5.1989,-35.4608,26.09,72,23,7.73,BR,1690575354
78,margaret river,-33.95,115.0667,14.73,77,98,7.94,AU,1690575355
79,taroudant,30.4703,-8.877,25.85,51,0,4.17,MA,1690575355
80,uliastay,47.7417,96.8444,18.44,30,100,2.96,MN,1690575355
81,andergrove,-21.0833,149.1833,15.36,87,84,4.83,AU,1690575355
82,lihue,21.9789,-159.3672,28.77,66,0,9.77,US,1690575356
83,bom jesus,-9.0744,-44.3586,35.13,20,2,3.05,BR,1690575356
84,nadi,-17.8,177.4167,21.0,68,20,2.57,FJ,1690575293
85,vilyuchinsk,52.9306,158.4028,14.15,86,89,0.38,RU,1690575356
86,martapura,-3.4167,114.85,25.05,83,99,1.54,ID,1690575357
87,mahina,-17.5065,-149.489,22.87,94,75,5.14,PF,1690575357
88,tosontsengel,48.7567,98.2839,11.56,85,80,2.32,MN,1690575357
89,saint-joseph,-21.3667,55.6167,17.21,70,16,3.86,RE,1690575357
90,tidjikja,18.5564,-11.4271,35.87,28,47,3.35,MR,1690575357
91,jamestown,42.097,-79.2353,31.12,60,0,3.6,US,1690574832
92,cidreira,-30.1811,-50.2056,13.82,70,35,6.16,BR,1690575358
93,mount pearl,47.5166,-52.7813,24.62,74,20,6.17,CA,1690575358
94,invercargill,-46.4,168.35,6.12,90,100,1.34,NZ,1690575358
95,chonchi,-42.6128,-73.8092,12.56,92,100,5.58,CL,1690575359
96,honmachi,32.5,130.6,25.81,75,91,1.45,JP,1690575145
97,homer,59.6425,-151.5483,16.13,82,100,0.0,US,1690575359
98,cabedelo,-6.9811,-34.8339,26.37,80,10,6.3,BR,1690575359
99,flying fish cove,-10.4217,105.6791,23.82,83,75,5.14,CX,1690575359
100,cambria,35.5641,-121.0808,36.98,46,1,5.43,US,1690575360
101,kavaratti,10.5669,72.642,28.26,77,6,6.93,IN,1690575360
102,adzope,6.1069,-3.8619,22.86,98,97,1.84,CI,1690575360
103,st. john's,47.5649,-52.7093,25.44,72,20,6.17,CA,1690575198
104,bilibino,68.0546,166.4372,8.88,88,100,2.55,RU,1690575360
105,mana,5.6592,-53.7767,28.27,80,72,5.15,GF,1690575361
106,alice springs,-23.7,133.8833,15.75,72,100,2.06,AU,1690575361
107,lebu,-37.6167,-73.65,13.89,79,100,1.58,CL,1690575361
108,mar del plata,-38.0023,-57.5575,9.41,76,88,2.68,AR,1690575233
109,vernon,50.2581,-119.2691,29.4,26,11,1.54,CA,1690575188
110,chany,55.3121,76.7647,19.46,63,100,2.76,RU,1690575362
111,vicuna,-30.0319,-70.7081,31.54,15,75,1.77,CL,1690575342
112,pemangkat,1.1667,108.9667,25.77,85,100,4.92,ID,1690575363
113,al ghayzah,16.2079,52.176,25.43,88,73,6.17,YE,1690575363
114,thompson,55.7435,-97.8558,19.09,59,75,5.14,CA,1690575131
115,yumbe,3.4651,31.2469,19.43,92,99,2.19,UG,1690575363
116,thinadhoo,0.5333,72.9333,27.85,76,100,3.03,MV,1690575363
117,daru,-9.0763,143.2092,25.02,86,67,7.08,PG,1690575364
118,caboolture,-27.0833,152.95,13.92,96,85,1.61,AU,1690575364
119,mili,6.0815,171.735,28.67,77,99,7.05,MH,1690575364
120,horta,38.5333,-28.6333,25.01,85,75,5.66,PT,1690575365
121,port lincoln,-34.7333,135.8667,11.88,85,0,5.36,AU,1690575365
122,keflavik,64.0049,-22.5624,14.95,67,75,6.69,IS,1690575365
123,lagunas,-5.2269,-75.6753,32.45,47,79,0.83,PE,1690575366
124,minas de marcona,-15.2119,-75.1103,19.08,54,35,5.45,PE,1690575366
125,pudozh,61.8099,36.5345,13.98,96,100,4.5,RU,1690575366
126,weno,7.4515,151.8468,25.97,89,100,6.17,FM,1690575366
127,morondava,-20.2833,44.2833,20.36,59,0,5.5,MG,1690575366
128,punta arenas,-53.15,-70.9167,1.17,85,99,3.57,CL,1690575119
129,gargalianoi,37.0667,21.6333,24.34,76,0,5.0,GR,1690575367
130,port macquarie,-31.4333,152.9167,7.72,71,5,2.06,AU,1690575325
131,north nowra,-34.8581,150.5828,13.75,89,66,1.6,AU,1690575367
132,pisco,-13.7,-76.2167,21.12,73,20,3.6,PE,1690575261
133,ponta delgada,37.7333,-25.6667,23.4,94,40,6.17,PT,1690575368
134,iskateley,67.6803,53.1512,11.61,91,9,2.6,RU,1690575368
135,miri,4.4148,114.0089,26.08,94,20,2.06,MY,1690575369
136,djibo,14.1022,-1.6306,34.32,40,35,3.07,BF,1690575369
137,hankasalmi,62.3833,26.4333,14.61,98,100,6.18,FI,1690575369
138,mount isa,-20.7333,139.5,11.87,94,9,0.0,AU,1690574962
139,nabire,-3.3667,135.4833,25.07,89,100,1.49,ID,1690575370
140,howrah,22.5892,88.3103,28.0,94,40,2.06,IN,1690575370
141,macapa,0.0389,-51.0664,31.99,66,20,5.14,BR,1690575370
142,isafjordur,66.0755,-23.124,7.26,92,100,3.84,IS,1690575370
143,deqen,29.9618,90.7188,10.11,88,100,1.05,CN,1690575371
144,nova sintra,14.8667,-24.7167,22.79,79,35,9.89,CV,1690575371
145,luderitz,-26.6481,15.1594,12.37,87,100,6.84,NA,1690575371
146,phan rang-thap cham,11.5667,108.9833,25.59,86,94,3.16,VN,1690575372
147,whitehorse,60.7161,-135.0538,24.43,41,20,4.12,CA,1690575372
148,udachny,66.4167,112.4,15.25,54,18,0.71,RU,1690575373
149,bathsheba,13.2167,-59.5167,28.34,89,40,6.17,BB,1690575373
150,guercif,34.2257,-3.3536,30.22,29,76,7.05,MA,1690575373
151,antonio enes,-16.2325,39.9086,22.55,74,0,3.97,MZ,1690575373
152,bani zayd,32.0392,35.1032,29.58,48,0,0.49,PS,1690575374
153,enewetak,11.3474,162.3373,28.41,82,100,6.82,MH,1690575375
154,vila franca do campo,37.7167,-25.4333,23.23,83,10,3.91,PT,1690575376
155,buchanan,5.8808,-10.0467,25.22,87,100,4.95,LR,1690575376
156,saipan,15.1355,145.701,27.39,100,0,2.06,MP,1690575376
157,grand baie,-20.0182,57.5802,22.26,74,17,6.12,MU,1690575376
158,la'ie,21.6477,-157.9253,29.98,66,61,8.23,US,1690575377
159,hammerfest,70.6634,23.6821,11.25,82,75,3.09,NO,1690575377
160,bangassou,4.7413,22.8184,21.86,97,98,1.12,CF,1690575377
161,college,64.8569,-147.8028,25.32,66,75,2.06,US,1690575378
162,santa cruz,-17.8,-63.1667,23.7,53,75,8.23,BO,1690575236
163,mossel bay,-34.1831,22.146,13.43,83,0,2.12,ZA,1690575378
164,nouadhibou,20.931,-17.0347,22.99,68,28,8.23,MR,1690575379
165,atherton,53.5237,-2.4935,18.49,78,100,0.89,GB,1690575379
166,tono,39.3167,141.5333,21.35,86,0,1.2,JP,1690575379
167,abashiri,44.0213,144.2697,21.42,88,100,3.22,JP,1690575379
168,carnarvon,-24.8667,113.6333,14.95,78,0,6.68,AU,1690575380
169,pachino,36.7186,15.0907,25.64,74,0,5.18,IT,1690575380
170,neftcala,39.3742,49.2472,26.31,81,1,3.5,AZ,1690575380
171,tanjungbalai,2.9667,99.8,24.96,90,99,1.52,ID,1690575381
172,kencong,-8.2833,113.3667,20.6,88,46,1.37,ID,1690575381
173,atafu village,-8.5421,-172.5159,28.95,72,100,7.63,TK,1690575382
174,mehran,33.1222,46.1646,36.9,11,0,5.4,IR,1690575382
175,hithadhoo,-0.6,73.0833,27.57,75,100,3.22,MV,1690575382
176,nar'yan-mar,67.6713,53.087,11.67,91,9,2.61,RU,1690575382
177,kenora,49.8167,-94.4337,17.54,67,100,2.06,CA,1690575383
178,labrador city,52.9463,-66.9114,16.95,55,75,2.57,CA,1690575383
179,zaozersk,69.4005,32.4476,13.3,84,100,2.18,RU,1690575383
180,dayton,39.7589,-84.1916,31.69,74,75,7.2,US,1690575021
181,yongchuan,29.3514,105.8947,22.64,97,40,2.29,CN,1690575384
182,kiunga,-6.1219,141.2906,22.39,97,99,0.51,PG,1690575384
183,dryden,49.7833,-92.7503,21.02,43,81,1.8,CA,1690575384
184,mukalla,14.5425,49.1242,31.69,51,91,2.55,YE,1690575384
185,broken hill,-31.95,141.4333,11.72,82,41,0.67,AU,1690575385
186,sinabang,2.4803,96.3801,26.34,79,75,1.09,ID,1690575385
187,podporozh'ye,60.9112,34.1706,12.57,96,57,3.61,RU,1690575385
188,walvis bay,-22.9575,14.5053,13.38,81,0,3.74,NA,1690575386
189,vorgashor,67.5833,63.95,11.36,89,100,5.66,RU,1690575386
190,vadso,70.0744,29.7487,12.09,94,40,4.12,NO,1690575386
191,molina,-35.1167,-71.2833,13.85,77,100,1.03,CL,1690575386
192,hawaiian paradise park,19.5933,-154.9731,26.69,79,75,2.06,US,1690575387
193,taoudenni,22.6783,-3.9836,41.77,8,4,3.35,ML,1690575387
194,nevers,46.9167,3.3333,18.56,92,74,1.61,FR,1690575111
195,charters towers,-20.1,146.2667,14.0,89,74,2.69,AU,1690575387
196,nuuk,64.1835,-51.7216,12.34,71,75,4.12,GL,1690575323
197,filakovo,48.2676,19.8247,17.99,79,99,1.28,SK,1690575388
198,ashburton,-37.8626,145.0794,12.44,87,2,2.24,AU,1690575388
199,saint-pierre,-21.3393,55.4781,17.82,63,0,3.6,RE,1690575388
200,port alfred,-33.5906,26.891,19.78,57,98,2.55,ZA,1690575389
201,norfolk county,42.1668,-71.2495,34.06,57,20,3.6,US,1690575277
202,greifswald,54.1,13.3833,17.26,100,13,1.6,DE,1690575382
203,gadzhiyevo,69.2551,33.3362,15.33,77,100,0.45,RU,1690575389
204,ust'-ilimsk,58.0006,102.6619,15.49,93,52,0.85,RU,1690575137
205,san buenaventura,27.0833,-101.5333,37.49,20,0,5.03,MX,1690575390
206,tawau,4.2498,117.8871,27.07,88,98,2.24,MY,1690575390
207,susuman,62.7833,148.1667,10.01,63,9,0.69,RU,1690575390
208,orumiyeh,37.5527,45.0761,24.75,27,20,3.09,IR,1690575391
209,galliano,29.4422,-90.2992,37.21,39,19,4.33,US,1690575391
210,san patricio,28.017,-97.5169,37.4,34,4,7.65,US,1690575391
211,lompoc,34.6391,-120.4579,35.56,61,20,4.63,US,1690575391
212,san andres,12.5847,-81.7006,30.01,79,20,4.12,CO,1690575218
213,ola,59.5833,151.2833,13.77,60,83,0.69,RU,1690575392
214,san jose de feliciano,-30.3845,-58.7517,17.19,43,11,3.67,AR,1690575392
215,dhola,21.8833,71.7833,25.77,88,64,4.93,IN,1690575392
216,bacon,13.0378,124.0411,27.04,84,100,7.18,PH,1690575393
217,marquard,-28.6645,27.4305,14.61,36,94,6.15,ZA,1690575393
218,la passe,45.5549,-0.8967,22.13,93,100,2.9,FR,1690575393
219,selfoss,63.9331,-20.9971,16.69,64,81,2.71,IS,1690575393
220,port hedland,-20.3167,118.5667,15.03,58,7,3.6,AU,1690575323
221,itaituba,-4.2761,-55.9836,36.09,44,20,2.57,BR,1690575314
222,i-n-salah,27.1935,2.4607,39.36,7,5,3.61,DZ,1690575394
223,notodden,59.5594,9.2585,17.09,81,10,1.75,NO,1690575394
224,bogen,48.9112,12.6896,19.08,92,98,3.51,DE,1690575394
225,kilindoni,-7.9139,39.6668,24.45,78,0,5.25,TZ,1690575395
226,meads,38.4126,-82.7091,37.53,30,0,4.14,US,1690575395
227,eureka,40.8021,-124.1637,20.67,73,21,1.34,US,1690575333
228,dalbandin,28.8947,64.4101,31.06,51,0,4.78,PK,1690575395
229,allen,41.0706,-85.0144,32.32,61,40,2.06,US,1690575111
230,great falls,47.5002,-111.3008,24.67,41,0,2.57,US,1690575270
231,haiku-pauwela,20.9219,-156.3051,28.01,56,40,8.23,US,1690575396
232,washington,47.5001,-120.5015,30.18,29,100,3.87,US,1690574690
233,imbituba,-28.24,-48.6703,14.32,82,100,6.03,BR,1690575396
234,arno,60.1167,18.6333,16.55,81,2,1.81,SE,1690575397
235,dudinka,69.4058,86.1778,20.9,71,100,3.35,RU,1690575397
236,ilulissat,69.2167,-51.1,6.01,93,75,1.54,GL,1690575397
237,wynyard,-41.0,145.7167,11.99,92,99,4.0,AU,1690575398
238,gowurdak,37.8124,66.0466,29.94,30,1,3.54,TM,1690575398
239,korla,41.7597,86.1469,30.53,27,89,5.48,CN,1690575398
240,quepos,9.4236,-84.1652,29.47,75,82,2.41,CR,1690575398
241,plastun,44.7561,136.2939,22.85,79,100,1.88,RU,1690575399
242,monkey bay,-14.0728,34.9201,22.84,62,2,1.89,MW,1690575399
243,bafra,41.5678,35.9069,20.94,65,72,1.38,TR,1690575400
244,liezen,47.5667,14.2333,17.01,93,99,1.59,AT,1690575400
245,cambridge,43.3601,-80.3127,32.9,65,40,0.89,CA,1690575149
246,tralee,52.2704,-9.7026,13.55,90,99,4.22,IE,1690575400
247,fuglafjordur,62.244,-6.814,12.26,96,88,7.7,FO,1690575401
248,kruisfontein,-34.0033,24.7314,13.27,68,99,2.14,ZA,1690575401
249,egilsstadir,65.2653,-14.3948,8.95,87,100,5.14,IS,1690575401
250,strezhevoy,60.7333,77.5889,16.22,87,89,2.48,RU,1690575103
251,streator,41.1209,-88.8354,34.07,28,64,4.67,US,1690575402
252,ajaccio,42.0,8.9167,21.03,64,0,1.54,FR,1690575402
253,callao,-12.0667,-77.15,22.16,64,75,5.66,PE,1690575402
254,tannum sands,-23.9504,151.3693,16.53,82,100,1.54,AU,1690575402
255,brak,27.5496,14.2714,35.17,21,19,7.39,LY,1690575403
256,shingu,33.7333,135.9833,23.35,89,11,1.78,JP,1690575403
257,mokhsogollokh,61.4681,128.9203,13.3,71,2,0.61,RU,1690575403
258,lospalos,-8.5186,127.0025,21.7,91,92,3.05,TL,1690575403
259,pskov,57.8136,28.3496,10.95,100,16,1.0,RU,1690575404
260,mejit,10.2753,170.8646,28.14,80,100,9.82,MH,1690575404
261,nagyecsed,47.8655,22.3916,20.05,63,96,2.87,HU,1690575404
262,sambava,-14.2667,50.1667,20.47,78,2,5.92,MG,1690575404
263,broome,42.2506,-75.833,33.34,61,0,4.02,US,1690575404
264,aasiaat,68.7098,-52.8699,3.2,92,66,4.39,GL,1690575405
265,constantia,44.1833,28.65,18.38,65,0,7.19,RO,1690575371
266,klyuchi,52.2667,79.1667,18.35,71,100,1.06,RU,1690575405
267,colonia,50.9333,6.95,21.36,81,20,2.57,DE,1690574878
268,juan griego,11.0817,-63.9655,33.07,55,44,8.75,VE,1690575405
269,polyarnyy,69.1989,33.4478,15.96,76,100,0.8,RU,1690575406
270,tsiombe,-25.3,45.4833,17.87,89,0,2.56,MG,1690575406
271,wanning,18.8003,110.3967,28.12,86,100,4.89,CN,1690575406
272,abra pampa,-22.7205,-65.697,13.1,8,0,1.74,AR,1690575406
273,turkmenbasy,40.0222,52.9552,26.43,38,0,3.09,TM,1690575407
274,pandan,14.0453,124.1694,27.1,83,100,3.91,PH,1690575407
275,veinticinco de mayo,-35.4323,-60.1727,15.55,61,71,0.89,AR,1690575407
276,guerrero negro,27.9769,-114.0611,28.8,44,43,5.72,MX,1690575407
277,natal,-5.795,-35.2094,26.36,78,40,4.63,BR,1690575214
278,puerto del rosario,28.5004,-13.8627,23.86,69,75,7.72,ES,1690575408
279,saudarkrokur,65.7461,-19.6394,9.44,85,100,4.58,IS,1690575408
280,bonthe,7.5264,-12.505,24.75,92,100,4.65,SL,1690575408
281,uturoa,-16.7333,-151.4333,26.66,76,12,4.28,PF,1690575408
282,harstad,68.799,16.5293,13.78,100,19,4.47,NO,1690575409
283,kupang,-10.1667,123.5833,24.05,82,57,4.31,ID,1690575409
284,lodwar,3.1191,35.5973,30.45,35,17,4.97,KE,1690575409
285,mckinleyville,40.9465,-124.1006,20.44,74,0,3.09,US,1690575333
286,navarre,30.4016,-86.8636,36.32,56,0,1.54,US,1690575409
287,bodo,67.28,14.405,15.02,86,75,3.09,NO,1690575410
288,punta de bombon,-17.1717,-71.7931,18.66,76,2,3.34,PE,1690575410
289,nova vicosa,-17.8919,-39.3719,22.9,73,100,2.36,BR,1690575410
290,bembereke,10.2283,2.6634,24.44,82,100,1.73,BJ,1690575410
291,newman,37.3138,-121.0208,36.19,10,0,1.6,US,1690575411
292,yinchuan,38.4681,106.2731,22.32,64,0,1.38,CN,1690575411
293,brookings,44.3114,-96.7984,28.19,65,0,10.29,US,1690575216
294,moroto,2.5345,34.6666,21.73,62,73,0.68,UG,1690575411
295,okhotsk,59.3833,143.3,13.48,95,100,2.42,RU,1690575412
296,lexington,37.9887,-84.4777,35.94,59,20,4.12,US,1690574662
297,kili,5.6439,169.1211,28.45,76,32,5.46,MH,1690575412
298,padrauna,26.9025,83.9819,30.72,68,97,2.91,IN,1690575412
299,fada,9.5667,8.3,21.77,91,100,0.46,NG,1690575413
300,oranjemund,-28.55,16.4333,13.6,79,100,9.16,NA,1690575413
301,palmer,42.1584,-72.3287,33.06,55,20,4.12,US,1690575413
302,hasaki,35.7333,140.8333,25.73,90,6,3.84,JP,1690575413
303,labytnangi,66.6572,66.4183,15.89,88,49,3.18,RU,1690575414
304,smara,26.7384,-11.6719,24.92,51,0,6.67,EH,1690575414
305,acarau,-2.8856,-40.12,28.09,67,12,8.75,BR,1690575340
306,gamba,-2.65,10.0,21.15,91,51,3.13,GA,1690575035
307,mogadishu,2.0371,45.3438,24.55,88,11,7.49,SO,1690575414
308,paraty,-23.2178,-44.7131,24.22,76,44,0.93,BR,1690575415
309,camocim,-2.9022,-40.8411,29.83,62,32,8.46,BR,1690575200
310,goure,13.9835,10.2704,32.22,37,42,3.94,NE,1690575415
311,manokwari,-0.8667,134.0833,26.06,78,91,1.43,ID,1690575415
312,fortuna,40.5982,-124.1573,20.52,71,0,5.66,US,1690575416
313,severo-yeniseyskiy,60.3725,93.0408,14.6,86,78,1.02,RU,1690575416
314,east london,-33.0153,27.9116,22.49,42,55,3.92,ZA,1690575416
315,itoman,26.1247,127.6694,28.01,89,100,3.6,JP,1690575416
316,magadan,59.5667,150.8,13.64,60,100,2.82,RU,1690575416
317,ghat,24.9647,10.1728,35.74,9,43,2.21,LY,1690575417
318,coahuayana de hidalgo,18.7,-103.6583,33.99,50,19,2.72,MX,1690575417
319,rudsar,37.1376,50.288,25.99,79,4,1.3,IR,1690575417
320,dunedin,-45.8742,170.5036,6.56,79,100,1.34,NZ,1690575417
321,basna,21.2833,82.8167,26.59,88,100,4.39,IN,1690575417
322,zambezi,-13.5432,23.1047,17.53,31,0,1.23,ZM,1690575418
323,beruniy,41.6911,60.7525,24.98,44,0,4.12,UZ,1690575418
324,guapore,-28.8456,-51.8903,12.06,78,15,2.25,BR,1690575418
325,dongcun,36.7767,121.1597,25.3,90,100,3.63,CN,1690575418
326,quellon,-43.1167,-73.6167,14.14,94,100,5.14,CL,1690575419
327,swindon,51.558,-1.7812,18.17,87,100,6.69,GB,1690575419
328,kidal,18.4411,1.4078,37.73,17,86,1.41,ML,1690575419
329,tabas,33.5959,56.9244,38.12,15,1,2.06,IR,1690575419
330,adrar,20.5022,-10.0711,36.82,18,21,3.16,MR,1690575419
331,utrik,11.2278,169.8474,28.2,81,100,9.86,MH,1690575420
332,kampong chhnang,12.1667,104.55,25.71,84,100,0.84,KH,1690575420
333,kapuskasing,49.4169,-82.4331,18.05,67,75,5.14,CA,1690575361
334,puerto aysen,-45.4,-72.7,8.02,100,100,0.0,CL,1690575421
335,wagar,16.1525,36.2032,33.43,45,57,4.34,SD,1690575421
336,korsakov,46.6328,142.7813,20.91,99,100,3.33,RU,1690575421
337,sibolga,1.7427,98.7792,24.69,87,70,1.53,ID,1690575422
338,madimba,-10.4,40.3333,22.03,88,0,3.61,TZ,1690575422
339,katabu,-4.9333,122.5167,22.66,95,18,1.83,ID,1690575423
340,alto araguaia,-17.3147,-53.2153,31.45,19,98,1.65,BR,1690575423
341,sisimiut,66.9395,-53.6735,8.08,75,55,1.88,GL,1690575423
342,lazaro cardenas,17.9583,-102.2,31.76,59,23,4.21,MX,1690574831
343,gamboma,-1.8764,15.8644,29.41,38,40,1.05,CG,1690575424
344,totness,5.8833,-56.3167,29.66,68,4,5.0,SR,1690575424
345,chinde,26.8418,88.0763,19.5,91,82,1.1,NP,1690575425
346,vanimo,-2.6741,141.3028,25.4,88,100,2.08,PG,1690575425
347,anacapri,40.5558,14.2136,24.01,73,0,2.82,IT,1690575018
348,zhosaly,45.4878,64.0781,30.23,25,0,4.09,KZ,1690575426
349,greymouth,-42.4667,171.2,3.8,86,100,2.64,NZ,1690575426
350,trujillo,-8.116,-79.03,22.98,78,98,6.17,PE,1690575054
351,kargasok,59.0556,80.8572,15.6,82,49,1.93,RU,1690575426
352,ilabaya,-17.4208,-70.5133,22.9,36,0,3.88,PE,1690575427
353,kaiapoi,-43.3783,172.6401,3.94,100,100,1.54,NZ,1690575427
354,priozersk,61.0393,30.1291,14.97,91,1,5.17,RU,1690575428
355,puerto deseado,-47.7503,-65.8938,8.96,70,100,17.18,AR,1690575428
356,igarka,67.4667,86.5833,16.24,97,30,4.29,RU,1690575428
357,tamala,52.541,43.2515,22.62,59,90,5.04,RU,1690575428
358,abepura,-2.6333,140.5833,24.45,88,40,1.03,ID,1690575429
359,labuan,5.2767,115.2417,26.2,94,20,0.0,MY,1690575429
360,happy valley-goose bay,53.3168,-60.3315,21.17,46,75,4.63,CA,1690575429
361,luena,-11.7833,19.9167,15.71,32,0,1.51,AO,1690575430
362,tyazhinskiy,56.116,88.524,17.44,70,100,2.06,RU,1690575430
363,taltal,-25.4,-70.4833,18.14,73,25,2.16,CL,1690575430
364,mandan,46.8267,-100.8896,27.98,60,40,5.66,US,1690575385
365,ugoofaaru,5.6667,73.0,28.46,73,13,3.1,MV,1690575430
366,kittila,67.6647,24.8936,17.08,77,0,1.54,FI,1690575431
367,kochubey,44.3861,46.5825,22.36,75,99,9.51,RU,1690575431
368,beira,-19.8436,34.8389,20.05,94,0,4.09,MZ,1690575431
369,novaya igirma,57.1334,103.9112,15.71,97,53,0.48,RU,1690575432
370,brisas de zicatela,15.8369,-97.0419,32.29,62,20,3.6,MX,1690575432
371,laojunmiao,39.8333,97.7333,22.7,27,16,3.12,CN,1690575432
372,san carlos,9.6612,-68.5827,28.37,83,67,1.35,VE,1690575432
373,geraldton,-28.7667,114.6,11.23,87,100,4.63,AU,1690575354
374,mount gambier,-37.8333,140.7667,10.77,97,86,4.04,AU,1690575433
375,dauphin,51.1494,-100.0502,20.55,39,92,3.13,CA,1690575433
376,aras-asan,8.8908,126.3033,24.73,92,100,3.4,PH,1690575433
377,argostolion,38.1811,20.489,25.04,61,20,3.6,GR,1690575433
378,melekeok village,7.4957,134.6367,26.31,89,100,5.14,PW,1690575434
379,holyhead,53.3062,-4.6321,16.1,82,20,11.32,GB,1690575434
380,el calafate,-50.3408,-72.2768,2.43,96,88,1.48,AR,1690575434
381,fale old settlement,-9.3852,-171.2468,28.51,74,100,7.84,TK,1690575435
382,dwarka,22.2394,68.9678,27.63,83,25,10.09,IN,1690575426
383,thunder bay,48.4001,-89.3168,22.95,53,40,4.12,CA,1690575271
384,nafplio,37.5683,22.8053,27.2,61,0,0.61,GR,1690575149
385,siuna,13.7332,-84.7773,24.28,97,100,1.57,NI,1690575435
386,talcahuano,-36.7167,-73.1167,15.82,72,0,4.12,CL,1690575416
387,powell river,49.8496,-124.5361,23.0,60,20,2.57,CA,1690575143
388,inarajan village,13.2736,144.7484,25.55,78,99,3.75,GU,1690575436
389,northwest harborcreek,42.1494,-79.9946,31.96,82,75,0.0,US,1690575436
390,la rinconada,37.4873,-5.9826,29.02,34,0,4.1,ES,1690575437
391,inirida,3.8653,-67.9239,27.92,89,90,0.44,CO,1690575437
392,havre,49.5833,0.3333,17.87,82,0,1.54,FR,1690575438
393,forster,-32.1667,152.5167,12.82,70,11,1.2,AU,1690575438
394,tukrah,32.5341,20.5791,27.05,63,0,5.44,LY,1690575438
395,bridgewater,44.3835,-64.5155,29.5,64,7,7.2,CA,1690575311
396,tapejara,-28.0681,-52.0139,14.21,82,53,2.33,BR,1690575439
397,plettenberg bay,-34.0527,23.3716,13.25,75,0,2.07,ZA,1690575439
398,puerto real,36.5282,-6.1901,26.45,73,0,4.12,ES,1690575440
399,international falls,48.6011,-93.411,22.3,66,20,3.09,US,1690575440
400,adam,22.3756,57.5233,31.14,54,87,4.09,OM,1690575440
401,prado,-17.3411,-39.2208,22.34,78,100,1.59,BR,1690575346
402,saurimo,-9.6608,20.3916,19.59,26,0,0.57,AO,1690575441
403,petrolina,-9.3986,-40.5008,33.03,29,20,4.12,BR,1690575441
404,kapa'a,22.0752,-159.319,29.18,74,0,9.77,US,1690575441
405,tolanaro,-25.0319,46.9987,19.02,86,13,5.24,MG,1690575441
406,diawara,15.022,-12.5437,35.42,43,89,6.14,SN,1690575441
407,mikomeseng,2.1361,10.6132,21.18,97,100,1.2,GQ,1690575442
408,ibotirama,-12.1853,-43.2206,28.58,45,89,3.52,BR,1690575327
409,karaikal,10.9167,79.8333,28.36,71,98,5.73,IN,1690575442
410,kiffa,16.6166,-11.4045,37.37,35,55,6.14,MR,1690575443
411,takoradi,4.8845,-1.7554,24.31,90,100,3.57,GH,1690575341
412,ambovombe,-25.1667,46.0833,17.84,85,0,3.87,MG,1690575443
413,bollnas,61.3482,16.3946,13.43,74,31,1.41,SE,1690575444
414,kuta,-8.7233,115.1723,25.0,78,40,4.63,ID,1690575444
415,adamovka,51.5223,59.9396,22.35,62,1,4.04,RU,1690575444
416,palu,-0.8917,119.8707,24.35,95,100,0.89,ID,1690575445
417,micheweni,-4.9667,39.8333,23.51,82,0,4.61,TZ,1690575445
418,ciudad lazaro cardenas,17.9583,-102.2,31.76,59,23,4.21,MX,1690575445
419,changji,44.0167,87.3167,26.44,38,0,4.0,CN,1690575446
420,caleta de carquin,-11.0925,-77.6267,22.06,70,51,5.09,PE,1690575446
421,richards bay,-28.783,32.0377,20.14,71,3,5.74,ZA,1690575447
422,manaure,11.7751,-72.4445,33.14,51,65,7.91,CO,1690575447
423,boende,-0.2167,20.8667,28.6,49,99,1.33,CD,1690575447
424,katsuura,35.1333,140.3,25.2,91,8,3.36,JP,1690575447
425,new norfolk,-42.7826,147.0587,13.29,77,100,1.98,AU,1690575247
426,zhangye,38.9342,100.4517,24.14,37,2,3.61,CN,1690575448
427,hadibu,12.65,54.0333,25.54,78,53,9.96,YE,1690575448
428,sandnessjoen,66.0217,12.6316,15.29,88,75,2.57,NO,1690575448
429,molde,62.7375,7.1591,16.91,77,75,3.6,NO,1690575448
430,coquimbo,-29.9533,-71.3436,13.85,88,75,5.66,CL,1690575449
431,ljusdal,61.8288,16.0913,13.71,65,96,1.56,SE,1690575449
432,miquelon,47.0975,-56.3814,22.0,83,9,7.79,PM,1690575449
433,manado,1.487,124.8455,28.43,61,20,2.57,ID,1690575450
434,ta'if,21.2703,40.4158,28.56,20,88,4.58,SA,1690575450
435,sheboygan,43.7333,-87.9334,34.27,73,0,4.12,US,1690575450
436,lorengau,-2.0226,147.2712,27.09,80,78,3.35,PG,1690575450
437,nelsonville,39.4587,-82.2318,24.32,37,0,3.75,US,1690575451
438,mizque,-17.941,-65.3402,17.9,61,94,5.38,BO,1690575451
439,mahavelona,-17.6848,49.5087,19.77,83,78,3.11,MG,1690575451
440,taounate,34.5,-4.8333,30.52,34,2,3.85,MA,1690575451
441,san antonio de pale,-1.4014,5.6325,22.95,86,99,5.84,GQ,1690575451
442,pueblo,38.2545,-104.6091,36.9,24,0,3.6,US,1690575278
443,carboneras,37.0015,-1.9213,27.4,54,0,1.51,ES,1690575452
444,kyzyl-mazhalyk,51.1333,90.6,16.2,94,100,0.91,RU,1690575452
445,smolensk,55.0,33.0,12.69,84,24,0.63,RU,1690575452
446,al hasakah,36.5024,40.7477,36.56,16,0,10.77,SY,1690575453
447,progreso,21.2833,-89.6667,35.06,72,2,6.88,MX,1690575369
448,porto novo,6.4965,2.6036,25.9,89,99,3.38,BJ,1690575453
449,linhares,-19.3911,-40.0722,23.53,66,96,2.88,BR,1690575448
450,balqash,46.8481,74.995,22.3,48,1,4.43,KZ,1690575454
451,duncan,34.5023,-97.9578,38.94,30,0,6.69,US,1690575454
452,brownwood,31.7093,-98.9912,41.0,23,0,4.63,US,1690575454
453,turgen,43.4006,77.5933,18.07,60,0,3.08,KZ,1690575454
454,kolonia town,6.964,158.206,25.0,94,75,0.0,FM,1690575455
455,yeppoon,-23.1333,150.7333,14.88,85,83,4.0,AU,1690575455
456,okha,53.5739,142.9478,11.69,95,100,6.07,RU,1690575455
457,selendi,38.7444,28.8678,23.12,32,0,1.8,TR,1690575455
458,mil'kovo,55.6078,37.7956,17.51,92,99,2.55,RU,1690575455
459,lata,40.1629,-8.3327,19.65,91,45,2.16,PT,1690575456
460,arraial do cabo,-22.9661,-42.0278,23.92,78,0,5.14,BR,1690575456
461,cascais,38.6979,-9.4215,23.4,78,20,5.36,PT,1690575456
462,puerto ayacucho,5.6639,-67.6236,28.81,72,90,2.0,VE,1690575456
463,fort mcmurray,56.7268,-111.381,21.77,40,19,1.03,CA,1690575457
464,alaghsas,17.0187,8.0168,35.78,25,91,1.51,NE,1690575457
465,ghanzi,-21.5667,21.7833,18.76,29,90,4.79,BW,1690575457
466,iglino,54.8324,56.4126,20.05,67,15,1.03,RU,1690575457
467,cannonvale,-20.2833,148.7,18.66,88,99,5.52,AU,1690575457
468,port blair,11.6667,92.75,27.66,86,100,8.49,IN,1690575458
469,tarnogskiy gorodok,60.4997,43.5761,20.28,97,39,3.41,RU,1690575458
470,igrim,63.1906,64.4162,15.12,85,55,2.88,RU,1690575458
471,basarabeasca,46.3311,28.9728,20.5,36,4,2.35,MD,1690575458
472,koryazhma,61.3143,47.1691,17.7,85,99,3.89,RU,1690575459
473,fuling,29.7022,107.3919,24.26,97,98,0.69,CN,1690575459
474,anloga,5.7947,0.8973,24.92,89,100,5.55,GH,1690575459
475,sar-e pul,35.8333,66.1667,22.77,39,98,1.9,AF,1690575459
476,tyukhtet,56.5389,89.3011,18.06,66,100,2.46,RU,1690575459
477,simanggang,1.2472,111.4528,23.99,88,95,2.06,MY,1690575460
478,laurel,39.0993,-76.8483,37.63,57,75,2.57,US,1690575187
479,byron bay,-28.65,153.6167,9.84,82,6,1.74,AU,1690575460
480,castillos,-34.1667,-53.8333,9.53,72,65,3.0,UY,1690575460
481,balsas,-7.5325,-46.0356,36.04,20,0,1.69,BR,1690575460
482,port said,31.2565,32.2841,28.28,78,0,4.91,EG,1690575378
483,illizi,26.4833,8.4667,37.89,9,5,2.88,DZ,1690575461
484,cuajinicuilapa,16.4667,-98.4167,35.73,43,20,4.27,MX,1690575461
485,luanda,-8.8368,13.2343,21.0,88,75,3.09,AO,1690575361
486,martinopolis,-22.1458,-51.1708,19.62,40,1,3.38,BR,1690575462
487,sikasso,10.9167,-7.0,25.52,79,100,2.08,ML,1690575462
488,meizhou,24.2977,116.1072,24.92,97,8,0.8,CN,1690575462
489,ladovskaya balka,45.6297,41.4023,19.41,68,1,9.28,RU,1690575462
490,al kharijah,25.4514,30.5464,34.17,12,2,3.52,EG,1690575463
491,amga,60.8953,131.9608,13.58,63,70,0.43,RU,1690575463
492,qiancheng,27.185,109.7654,23.57,97,85,0.51,CN,1690575463
493,maitum,6.0392,124.4986,25.57,87,100,1.38,PH,1690575463
494,lawas,13.764,121.0566,26.51,83,100,4.31,PH,1690575463
495,tuzha,57.6062,47.936,19.04,88,97,3.45,RU,1690575464
496,kimbe,-5.5502,150.1429,24.05,94,100,1.48,PG,1690575464
497,faya-largeau,17.9257,19.1043,33.84,9,4,1.78,TD,1690575464
498,kavieng,-2.5744,150.7967,27.17,79,16,3.11,PG,1690575464
499,galveston,29.3669,-94.9669,36.13,59,0,5.66,US,1690575465
500,gebeit,21.0667,36.3167,33.4,20,96,0.67,SD,1690575465
501,ta`u,-14.2336,-169.5144,25.93,78,100,7.82,AS,1690575465
502,tarauaca,-8.1614,-70.7656,35.39,29,84,1.53,BR,1690575465
503,tan-tan,28.438,-11.1032,20.73,85,7,6.92,MA,1690575451
504,ebon,4.582,168.6964,28.49,75,77,5.09,MH,1690575466
505,mikuni,36.2171,136.1519,24.95,82,39,2.42,JP,1690575467
506,cabo san lucas,22.8909,-109.9124,35.34,55,40,7.2,MX,1690574738
507,mushie,-3.0167,16.9,29.24,33,42,1.12,CD,1690575468
508,ornskoldsvik,63.2909,18.7153,14.53,94,100,2.57,SE,1690575468
509,gela,37.0803,14.2307,26.82,76,0,0.78,IT,1690575468
510,blatnica,44.4864,17.8233,19.72,67,3,1.83,BA,1690575469
511,las tablas,7.7667,-80.2833,30.43,68,70,2.04,PA,1690575210
512,porto-vecchio,41.591,9.2795,23.74,73,0,2.06,FR,1690575469
513,piacabucu,-10.4056,-36.4344,24.36,76,8,3.63,BR,1690575470
514,tibanbang,6.6315,126.1055,26.42,85,100,4.21,PH,1690575470
515,woodward,36.4337,-99.3904,38.57,40,0,4.63,US,1690575470
516,pont rouge,48.8833,-72.0825,25.16,58,23,6.79,CA,1690575470
517,saldanha,-33.0117,17.9442,11.71,91,100,12.59,ZA,1690575471
518,rio grande,-32.035,-52.0986,15.06,74,100,5.52,BR,1690575471
519,pacific grove,36.6177,-121.9166,28.55,78,0,4.47,US,1690575416
520,sechura,-5.5569,-80.8222,27.88,56,65,6.72,PE,1690575471
521,shimoda,34.6667,138.95,25.06,81,11,2.24,JP,1690575472
522,westport,41.1415,-73.3579,34.14,59,0,5.14,US,1690575472
523,bandon,51.7469,-8.7425,14.77,86,100,6.62,IE,1690575472
524,ezine,39.7856,26.3408,21.6,41,0,2.86,TR,1690575472
525,voskresenskoye,56.8381,45.4317,22.07,69,25,4.84,RU,1690575473
526,el tigre,8.8875,-64.2454,29.32,64,93,2.87,VE,1690575473
527,rice lake,45.5061,-91.7382,29.92,72,40,3.6,US,1690575473
528,nantucket,41.2835,-70.0995,31.03,76,0,4.12,US,1690575473
529,buriti bravo,-5.8372,-43.8336,35.31,24,5,2.66,BR,1690575473
530,conduaga,8.862,117.4893,26.61,77,100,2.7,PH,1690575474
531,gadsden,34.0143,-86.0066,34.97,52,0,3.09,US,1690575474
532,kulhudhuffushi,6.6221,73.07,28.35,76,38,4.89,MV,1690575474
533,la sarre,48.8002,-79.1996,18.09,59,79,6.71,CA,1690575474
534,saint-paul,-21.0096,55.2707,19.05,66,73,0.42,RE,1690575475
535,beyneu,45.3167,55.2,32.5,21,3,7.0,KZ,1690575475
536,san pedro pochutla,15.7333,-96.4667,35.4,47,29,3.79,MX,1690575475
537,karachayevsk,43.774,41.9142,13.71,94,58,2.22,RU,1690575475
538,battambang,13.1027,103.1982,26.26,82,100,4.81,KH,1690575476
539,tofol,5.3248,163.0078,28.45,73,32,3.26,FM,1690575476
540,bestobe,52.4994,73.0975,23.15,50,92,3.89,KZ,1690575476
541,tamanrasset,22.785,5.5228,31.95,9,0,4.12,DZ,1690575476
542,sidi bel abbes,35.1899,-0.6309,25.62,57,1,2.73,DZ,1690575477
543,poronaysk,49.2167,143.1167,14.56,97,100,2.93,RU,1690575477
544,saryozek,44.3583,77.9753,19.88,38,49,1.4,KZ,1690575477
545,songea,-10.6833,35.65,15.39,66,17,0.89,TZ,1690575477
546,ak-suu,42.4995,78.527,15.5,68,41,1.51,KG,1690575478
547,tarawa,1.419,172.984,28.05,83,40,2.06,KI,1690575478
548,salekhard,66.53,66.6019,15.66,89,51,2.94,RU,1690575478
549,quelimane,-17.8786,36.8883,20.97,88,20,3.6,MZ,1690575478
550,chuhar jamali,24.3895,67.9923,28.09,80,100,7.47,PK,1690575479
551,mpraeso,6.5932,-0.7346,21.06,95,100,2.53,GH,1690575479
552,anar darah,32.7587,61.654,32.3,20,0,7.39,AF,1690575479
553,palikir - national government center,6.9248,158.1611,24.41,94,75,0.0,FM,1690575479
554,kristiansund,63.1115,7.732,17.03,82,100,3.6,NO,1690575479
555,zhanaozen,43.3,52.8,30.38,23,1,1.79,KZ,1690575480
556,macas,-2.3167,-78.1167,23.86,83,75,3.09,EC,1690575480
557,glenfield park,-35.1372,147.334,10.89,97,1,1.94,AU,1690575480
558,north bend,43.4065,-124.2243,25.13,63,0,7.2,US,1690575250
559,laguna,38.421,-121.4238,34.88,38,0,3.6,US,1690575456
560,aioun,16.6614,-9.6149,37.04,34,100,6.28,MR,1690575481
